{
	"Natives": [
		{
			"Native": {
				"hash": "004EC070",
				"address": 5161072,
				"name": "AnimTriggerRead",
				"signature": "void AnimTriggerRead(uint* path);",
				"note": "Read Config of AnimTrigger, Params: Path like: 'LOCAL:Animtrigger'"
			}
		},
		{
			"Native": {
				"hash": "004B83D0",
				"address": 4948944,
				"name": "CompilerCleanup",
				"signature": "void CompileCleanUp(int* file);",
				"note": "Cleanup files after compiling, Params: File passed to CompileQVM"
			}
		},
		{
			"Native": {
				"hash": "004F0CF0",
				"address": 5180656,
				"name": "ConfigCompile",
				"signature": "int ConfigCompile(int p1,char* cfg_file,int p3);",
				"note": "Compile any config file, Params: Config: 'WEAPONS:weaponconfig.qsc' p1 ??, p3 ??"
			}
		},
		{
			"Native": {
				"hash": "00405850",
				"address": 4216912,
				"name": "ConfigRead",
				"signature": "int ConfigRead(char* cfg_file);",
				"note": "Read game config file, Params:  File: 'LOCAL:config.qsc'"
			}
		},
		{
			"Native": {
				"hash": "00405BD0",
				"address": 4217808,
				"name": "ConfigWrite",
				"signature": "void ConfigWrite(char* cfg_file);",
				"note": "Write game config file, Params: File: 'LOCAL:config.qsc'"
			}
		},
		{
			"Native": {
				"hash": "00415AB0",
				"address": 4283056,
				"name": "CutsceneDelete",
				"signature": "void CutsceneDelete(char* buffer);",
				"note": "Delete current cutscene, Params: Buffer of size 30."
			}
		},
		{
			"Native": {
				"hash": "004AF7B0",
				"address": 4913072,
				"name": "ErrorShow",
				"signature": "void ErrorShow(char* err_msg);",
				"note": "Show error message from game, Params: Error message."
			}
		},
		{
			"Native": {
				"hash": "00402820",
				"address": 4204576,
				"name": "FramesSet",
				"signature": "void FramesSet(int frames);",
				"note": "Set game frames, Params: 30,60 max 240FPS."
			}
		},
		{
			"Native": {
				"hash": "00408350",
				"address": 4227920,
				"name": "GameMaterialLoad",
				"signature": "void GameMaterialLoad(void);",
				"note": "Load game material.qvm to memory."
			}
		},
		{
			"Native": {
				"hash": "00403B70",
				"address": 4209520,
				"name": "GraphicsReset",
				"signature": "void GraphicsReset(char* buffer);",
				"note": "Reset Graphics options in settings, Params: Buffer of size 30."
			}
		},
		{
			"Native": {
				"hash": "004F9FF0",
				"address": 5218288,
				"name": "GraphOpen",
				"signature": "void GraphOpen(uint level,char* graph_str);",
				"note": "Open graph of level,Params: with str 'Graph4019.dat'"
			}
		},
		{
			"Native": {
				"hash": "004137A0",
				"address": 4274080,
				"name": "HumanplayerLoad",
				"signature": "void HumanplayerLoad(void);",
				"note": "Load Humanplayer.qvm file to memory."
			}
		},
		{
			"Native": {
				"hash": "004157D0",
				"address": 4282320,
				"name": "InputDisable",
				"signature": "void InputDisable(char* buffer);",
				"note": "Disable input of player., Params: Buffer of size 30."
			}
		},
		{
			"Native": {
				"hash": "00415830",
				"address": 4282416,
				"name": "InputEnable",
				"signature": "void InputEnable(char* buffer);",
				"note": "Enable input of player., Params: Buffer of size 30."
			}
		},
		{
			"Native": {
				"hash": "004BBC30",
				"address": 4963376,
				"name": "LogAdd",
				"signature": "void LogAdd(byte* log_msg);",
				"note": "Add internal game log message., Params: message to log."
			}
		},
		{
			"Native": {
				"hash": "004F0E10",
				"address": 5180944,
				"name": "LevelLoad",
				"signature": "void LevelLoad(int level_path,int level_len);",
				"note": "Load current level from level_path,Params: path: 0057B568, len: 0x1E."
			}
		},
		{
			"Native": {
				"hash": "00416550",
				"address": 4285776,
				"name": "LevelQuit",
				"signature": "void LevelQuit(void);",
				"note": "Quit current level to mainmenu."
			}
		},
		{
			"Native": {
				"hash": "00416FE0",
				"address": 4288480,
				"name": "LevelRestart",
				"signature": "void LevelRestart(void);",
				"note": "Restarts current level."
			}
		},
		{
			"Native": {
				"hash": "00415B30",
				"address": 4283184,
				"name": "LevelStart",
				"signature": "void LevelStart(int p1);",
				"note": "Start new level, Params:  p1: 0057BABC"
			}
		},
		{
			"Native": {
				"hash": "00418B00",
				"address": 4295424,
				"name": "MenuManager",
				"signature": "int* MenuManager(int p1,char *menu_str,char p3,char p4,int p5);",
				"note": "MenuManager load for inagame or Mainmenu,Params:  p1: 0057BABC ,p3,p4,p5: 0."
			}
		},
		{
			"Native": {
				"hash": "00415A60",
				"address": 4282976,
				"name": "MusicDisable",
				"signature": "void MusicDisable(char* buffer);",
				"note": "Disable Game Music, Params:  Buffer of size 30."
			}
		},
		{
			"Native": {
				"hash": "00415A10",
				"address": 4282896,
				"name": "MusicEnable",
				"signature": "void MusicEnable(char* buffer);",
				"note": "Enable Game Music, Params: Buffer of size 30."
			}
		},
		{
			"Native": {
				"hash": "00495F30",
				"address": 4808496,
				"name": "MusicSetSfxVolume",
				"signature": "void MusicSetSfxVolume(float volume);",
				"note": "Sets sound effect volume, Params: volume range [0.0 - 1.0]"
			}
		},
		{
			"Native": {
				"hash": "00495E70",
				"address": 4808304,
				"name": "MusicSetVolume",
				"signature": "void MusicSetVolume(float volume,float volume);",
				"note": "Sets music volume., Params: volume range [0.0 - 1.0]"
			}
		},
		{
			"Native": {
				"hash": "004158E0",
				"address": 4282592,
				"name": "MusicUpdateVolume",
				"signature": "void MusicUpdateVolume(char* buffer);",
				"note": "Update current music volume, Params: Buffer of size 30."
			}
		},
		{
			"Native": {
				"hash": "004EDFE0",
				"address": 5169120,
				"name": "PhysicsObjTypeRead",
				"signature": "void PhysicsObjTypeRead(char* cfg_file);",
				"note": "Read Physics obj config file, Params: config file."
			}
		},
		{
			"Native": {
				"hash": "004B0D60",
				"address": 4918624,
				"name": "QhashInit",
				"signature": "void QHashInit(char hash_val);",
				"note": "Init hash table value, Params: hash value 0 or 1."
			}
		},
		{
			"Native": {
				"hash": "004B0D90",
				"address": 4918672,
				"name": "QhashReset",
				"signature": "void QHashReset(void);",
				"note": "Reset QTask type hash table."
			}
		},
		{
			"Native": {
				"hash": "004B8410",
				"address": 4949008,
				"name": "QscCompile",
				"signature": "void QscCompile(char* qsc_file);",
				"note": "Compile QSC file to QVM, Params: QSC script file like 'LOCAL:objects.qsc'"
			}
		},
		{
			"Native": {
				"hash": "004F0E90",
				"address": 5181072,
				"name": "QtaskUpdate",
				"signature": "void QtaskUpdate(void);",
				"note": "Update QTask hash table call before loading level."
			}
		},
		{
			"Native": {
				"hash": "00401B20",
				"address": 4201248,
				"name": "QtaskUpdateList",
				"signature": "void QtaskUpdateList(int* p1);",
				"note": "Update all QTask list, Params: p1 ??"
			}
		},
		{
			"Native": {
				"hash": "004BB270",
				"address": 4960880,
				"name": "QvmAssemble",
				"signature": "int QvmAssemble(char *file_out,char *file_in);",
				"note": "Assemble QAS assembler file, Params: Assemler source file like 'objects.qas'"
			}
		},
		{
			"Native": {
				"hash": "004B85B0",
				"address": 4949424,
				"name": "QvmCompile",
				"signature": "void QvmCompile(int file);",
				"note": "Compile qvm file loaded in memory, Params: address of QVM file loaded from 'LoadResource' method."
			}
		},
		{
			"Native": {
				"hash": "004B80B0",
				"address": 4948144,
				"name": "QvmLoad",
				"signature": "int * QvmLoad(char *file_name);",
				"note": "Compiles and Load any .qvm file into memory, Params: any qvm file name,  Returns filename loaded."
			}
		},
		{
			"Native": {
				"hash": "004BBCB0",
				"address": 4963504,
				"name": "QvmParse",
				"signature": "int QvmParse(char *file_name,int mem_alloc_addr);",
				"note": "Parse Assembler source file, Params: any QAS file name and Memory allocated by Mem_Alloc(),  Returns status."
			}
		},
		{
			"Native": {
				"hash": "004B63D0",
				"address": 4940752,
				"name": "ResourceFlush",
				"signature": "void ResourceFlush(int* p1);",
				"note": "Releases the current holding resources, Params: Params: p1 ??"
			}
		},
		{
			"Native": {
				"hash": "004B5F00",
				"address": 4939520,
				"name": "ResourceLoad",
				"signature": "int * ResourceLoad(char *resource_file,char **buffer)",
				"note": "Load resource in Memory and Returns address of file., Params: resource file like 'sounds.res','AI/303.qvm'"
			}
		},
		{
			"Native": {
				"hash": "004B6380",
				"address": 4940672,
				"name": "ResourceUnload",
				"signature": "void ResourceUnload(int *resource_file);",
				"note": "Unload resource loaded in memory, Params: resource file like 'sounds.qvm','AI/303.qvm'"
			}
		},
		{
			"Native": {
				"hash": "004B5B90",
				"address": 4938640,
				"name": "IsResourceLoaded",
				"signature": "int IsResourceLoaded(char *res_file,int *res_file_ptr);",
				"note": "Check where resource is in loaded in memory, Params: resource 'sounds.qvm','AI/303.qvm' and address of res file"
			}
		},
		{
			"Native": {
				"hash": "004B18B0",
				"address": 4921520,
				"name": "ResourcePackUnpack",
				"signature": "int ResourcePackUnpack(char *res_file,char **buffer);",
				"note": "Packs and return address or Unpacks resource file into memory depending upon resource type, Params: resource 'sounds.res','terrain.res', and buffer."
			}
		},
		{
			"Native": {
				"hash": "004B16D0",
				"address": 4921040,
				"name": "ResourceUnpack",
				"signature": "void ResourceUnpack(int* res_ptr, int res_addr, int res_size);",
				"note": "Unpacks resource file into memory, Params: Resource ptr, address where to unpack (Allocate using Mem_Alloc) and size of resource."
			}
		},
		{
			"Native": {
				"hash": "004F0E50",
				"address": 5181008,
				"name": "ScriptInit",
				"signature": "void ScriptInit(char* file_name,int p2,int p3,int p4);",
				"note": "Init script buffer for Assembler, Params: Use QvmLoad(file_name) first."
			}
		},
		{
			"Native": {
				"hash": "004B8930",
				"address": 4950320,
				"name": "ScriptSetsymbolCxt",
				"signature": "void ScriptSetsymbolCxt(byte *symbol_name,int** symbol_buf);",
				"note": "Set symbol context before loading it, Params: symbol_name like 'TaskType_Set'."
			}
		},
		{
			"Native": {
				"hash": "00485AD0",
				"address": 4741840,
				"name": "StatusMessageClear",
				"signature": "void StatusMessageClear (char* buffer);",
				"note": "Clear current status message from screen not from memory, Params: Buffer of size 30."
			}
		},
		{
			"Native": {
				"hash": "00485970",
				"address": 4741488,
				"name": "StatusMessageShow",
				"signature": "int* StatusMessageShow(int status_timer,char* msg,char *sprite,char *status_byte);",
				"note": "Show status message on screen, Params: msg to show, sprite of msg, status_timer 0xA758AC, status_byte &0x567C74."
			}
		},
		{
			"Native": {
				"hash": "004C0460",
				"address": 4981856,
				"name": "SymbolRemove",
				"signature": "void SymbolRemove(int *p1,int *symbol_name);",
				"note": "Remove symbol from memory, Params: symbol_name like 'TaskType_Set', p1 pointer ??"
			}
		},
		{
			"Native": {
				"hash": "004B8810",
				"address": 4950032,
				"name": "TasktypeSet",
				"signature": "void TasktypeSet(int** task_str,int task_id);",
				"note": "Defines new constants for game and scripts ,Params: task_str (int**)WEAPONTYPE_PISTOL, task_id"
			}
		},
		{
			"Native": {
				"hash": "004AF810",
				"address": 4913168,
				"name": "WarningShow",
				"signature": "void WarningShow(char* warn_msg);",
				"note": "Show warning message, Params: message to show."
			}
		},
		{
			"Native": {
				"hash": "004071E0",
				"address": 4223456,
				"name": "WeaponConfigRead",
				"signature": "int WeaponConfigRead(int p1,char *cfg_file);",
				"note": "Read weapon config file into memory, Params: p1 is 0, cfg_file is 'weaponconfig.qvm'"
			}
		},
		{
			"Native": {
				"hash": "004C0560",
				"address": 4982112,
				"name": "SymbolCheck",
				"signature": "int * SymbolCheck(int *p1,int **symbol_name,int* p3);",
				"note": "Check symbol in QTask list if already loaded, Params: symbol_name like 'TaskType_Set', p1,p3 ??"
			}
		},
		{
			"Native": {
				"hash": "004B8890",
				"address": 4950160,
				"name": "GameDefineOptions",
				"signature": "void GameDefineOptions(int **option_str,int option_func_addr,int opt1,int opt2);",
				"note": "Define game options constants , Params: opt_str (int**)'DefineAmmoType'"
			}
		},
		{
			"Native": {
				"hash": "004C0200",
				"address": 4981248,
				"name": "ScriptBufInit",
				"signature": "void ScriptBufInit(int *buff_arr1,int buff_arr2,int buff,int buff_size);",
				"note": "Init buffer for scripts, Params: buffers with last param as size."
			}
		},
		{
			"Native": {
				"hash": "004E68D0",
				"address": 5138640,
				"name": "SoundLoad",
				"signature": "void SoundLoad(char *sound_dir);",
				"note": "Load all level sounds from path , Params: Path of sound like 'MISSION:sounds'"
			}
		},
		{
			"Native": {
				"hash": "004B0C60",
				"address": 4918368,
				"name": "MemoryAlloc",
				"signature": "uint MemAlloc(int num, int size);",
				"note": "Allocate memory for game, Params: Check calloc() in c."
			}
		},
		{
			"Native": {
				"hash": "004B0BE0",
				"address": 4918240,
				"name": "MemoryDealloc",
				"signature": "uint MemDealloc(void);",
				"note": "Deallocate allocated memory."
			}
		},
		{
			"Native": {
				"hash": "00484E60",
				"address": 4738656,
				"name": "MissionOpen",
				"signature": "void MissionOpen(char **ptr_file);",
				"note": "Open current mission file , Params: Pointer to mission file."
			}
		},
		{
			"Native": {
				"hash": "004A5350",
				"address": 4870992,
				"name": "FileOpen",
				"signature": "void* FileOpen(const char* file,char *mode);",
				"note": "Open file for reading or writing, Params: Check fopen() in c."
			}
		},
		{
			"Native": {
				"hash": "004B1510",
				"address": 4920592,
				"name": "QFileOpen",
				"signature": "void* QFileOpen(const char* file,char *mode);",
				"note": "Open Qfile (QSC,QVM) for reading or writing, Params: Check fopen() in c."
			}
		},

		{
			"Native": {
				"hash": "004C48E0",
				"address": 4999392,
				"name": "RigidDyncubeObjRead",
				"signature": "void RigidDynCubeObjRead(uint *cfg_file);",
				"note": "Read rigid dynCube config file , Params: config file of rigid dynCube."
			}
		},
		{
			"Native": {
				"hash": "004C4930",
				"address": 4999472,
				"name": "MagicObjLoad",
				"signature": "void MagicObjLoad(char *path);",
				"note": "Loads magic objects from path, Params: Path 'LOCAL:magicobj'"
			}
		},
		{
			"Native": {
				"hash": "004EC0C0",
				"address": 5161152,
				"name": "AnimTriggerLoad",
				"signature": "void AnimTriggerLoad(char *path);",
				"note": "Loads anim trigger objects from path, Params: Path 'LOCAL:animtrigger'"
			}
		},
		{
			"Native": {
				"hash": "004EE030",
				"address": 5169200,
				"name": "PhysicsObjLoad",
				"signature": "void PhysicsObjLoad(char *path);",
				"note": "Loads physics objects from path, Params: Path 'LOCAL:physicsobj'"
			}
		},
		{
			"Native": {
				"hash": "0047CAB0",
				"address": 4704944,
				"name": "AmmoTypeOpen",
				"signature": "void AmmoTypeOpen(void);",
				"note": "Open ammo qvm file to memory for all weapons loaded."
			}
		},
		{
			"Native": {
				"hash": "00413B70",
				"address": 4275056,
				"name": "WeaponTypeOpen",
				"signature": "void WeaponTypeOpen(void);",
				"note": "Open all weapons defined in .qsc file for Humanplayer."
			}
		},
		{
			"Native": {
				"hash": "004A53B3",
				"address": 4871091,
				"name": "GameDataSymbolLoad",
				"signature": "int GameDataSymbolLoad(char* sym_buf,char* sym_path,char* sym_name);",
				"note": "Load game data symbol to buffer for game like internal vairables,UI controls,timers etc. Params: like (buf,\"LOCAL:models/%s.mef\",\"000_02_1\")"
			}
		},
		{
			"Native": {
				"hash": "004B80A0",
				"address": 4948128,
				"name": "GameDataSymbolRemove",
				"signature": "void GameDataSymbolRemove(char* sym_buf);",
				"note": "Removes game data symbol for game like internal vairables,UI controls,timers etc."
			}
		},
		{
			"Native": {
				"hash": "004B7EE0",
				"address": 4947680,
				"name": "SymbolRegisterBool8",
				"signature": "void SymbolRegisterBool8(int **sym_buf,int sym_addr);",
				"note": "Register new symbol of type 'Boolean' for game like internal vairables,UI controls,timers etc."
			}
		},
		{
			"Native": {
				"hash": "004B7E80",
				"address": 4947584,
				"name": "SymbolRegisterInt16",
				"signature": "void SymbolRegisterInt16(int **sym_buf,int sym_addr);",
				"note": "Register new symbol of type 'Int16' for game like internal vairables,UI controls,timers etc."
			}
		},
		{
			"Native": {
				"hash": "004B7FA0",
				"address": 4947872,
				"name": "SymbolRegisterInt32",
				"signature": "void SymbolRegisterInt16(int **sym_buf,int sym_addr);",
				"note": "Register new symbol of type 'Int32' for game like internal vairables,UI controls,timers etc."
			}
		},
		{
			"Native": {
				"hash": "004B7FC0",
				"address": 4947904,
				"name": "SymbolRegisterReal32",
				"signature": "void SymbolRegisterReal32(int **sym_buf,int sym_addr);",
				"note": "Register new symbol of type 'Real32 aka Float' for game like internal vairables,UI controls,timers etc."
			}
		},
		{
			"Native": {
				"hash": "0048A440",
				"address": 4760640,
				"name": "LoadingScreenShow",
				"signature": "void LoadingScreenShow(int loading_type);",
				"note": "Show menu loading screen before loading level."
			}
		},
		{
			"Native": {
				"hash": "004BAAC0",
				"address": 4958912,
				"name": "QTaskHashTableSet",
				"signature": "void QTaskHashTableSet(int **symbol,int ptr_func,int symbol_val,int p4,int p5,int p6,int p7)",
				"note": "Main Hash Table for QTasks types for Objects(Guns,Ammo,Scripts,Variables etc) in whole game. HashTable is 70bytes long for each QTask."
			}
		},
		{
			"Native": {
				"hash": "00413BB0",
				"address": 4275120,
				"name": "WeaponsCountGet",
				"signature": "int WeaponsCountGet()",
				"note": "Get total number of Weapons in game."
			}
		},
		{
			"Native": {
				"hash": "0045FFC0",
				"address": 4587456,
				"name": "WeaponGunPickup",
				"signature": "void WeaponGunPickup(int param_ptr, int* type_ptr)",
				"note": "Weapon pickup from ground, Param: param_ptr is in defined in Constants as 'gun_pickup_ptr', set Weapon Id in type_ptr like *(0x19F720) = 5"
			}
		},
		{
			"Native": {
				"hash": "0045FF80",
				"address": 4587392,
				"name": "WeaponAmmoPickup",
				"signature": "void WeaponAmmoPickup(int param_ptr, int* type_ptr)",
				"note": "Ammo pickup from ground, Param: param_ptr is in defined in Constants as 'gun_pickup_ptr', set Ammo Id in type_ptr like *(0x19F820) = 3"
			}
		},
		{
			"Native": {
				"hash": "00416D80",
				"address": 4287872,
				"name": "PlayerXPHit",
				"signature": "uint PlayerXPHit()",
				"note": "Get Player XP Hit damage for current health."
			}
		},
		{
			"Native": {
				"hash": "00463760",
				"address": 4601696,
				"name": "HumanViewCam",
				"signature": "void HumanViewCam(int soldier_ptr,int cam_type)",
				"note": "Camera view for Human Player/Soldier , Param: soldier_ptr is pointer to Entity you are changing and cam_type is [1-6]"
			}
		},
		{
			"Native": {
				"hash": "004659E0",
				"address": 4610528,
				"name": "HumanTaskViewReset",
				"signature": "void HumanTaskViewReset(int human_ptr)",
				"note": "Reset Human view angle after changing it by Zoom (Dragunov,Binoculars). "
			}
		},
		{
			"Native": {
				"hash": "00406220",
				"address": 4219424,
				"name": "IsPlayerProfileActive",
				"signature": "char* IsPlayerProfileActive()",
				"note": "Checks if current player profle is active."
			}
		},
		{
			"Native": {
				"hash": "0045C440",
				"address": 4572224,
				"name": "SoldierExecute",
				"signature": "void SoldierExecute(int ptr, int addr)",
				"note": "Execute current soldier in level, Param: ptr = (addr+0x2EC) and soldier address."
			}
		}
	]
}